b5ce6d,192.168.178.22,GET,http://www.independent-tutorials.local/,1526920049,,500
6356c3,192.168.178.22,GET,http://www.independent-tutorials.local/,1526920239,,500
9109cf,192.168.178.22,GET,http://www.independent-tutorials.local/,1526920250,,302
36c97b,192.168.178.22,GET,http://www.independent-tutorials.local/bolt/,1526920260,,302
b62f49,192.168.178.22,GET,http://www.independent-tutorials.local/,1526920266,,302
7bdcea,192.168.178.22,GET,http://www.independent-tutorials.local/,1526920266,,302
2c08a9,192.168.178.22,GET,http://www.independent-tutorials.local/,1526920436,,302
63b90c,192.168.178.22,GET,http://www.independent-tutorials.local/,1526920436,,302
5af95c,192.168.178.22,GET,http://www.independent-tutorials.local/,1526921468,,302
71d56b,192.168.178.22,GET,http://www.independent-tutorials.local/bolt/userfirst,1526921983,,404
0de980,192.168.178.22,GET,http://www.independent-tutorials.local/bolt/userfirst,1526922042,,404
baa2b3,192.168.178.22,GET,http://www.independent-tutorials.local/bolt/bolt/userfirst,1526922049,,302
938472,192.168.178.22,GET,http://www.independent-tutorials.local/bolt/bolt/userfirst,1526922050,,200
84872e,192.168.178.22,GET,http://www.independent-tutorials.local/bolt/bolt/,1526922054,,301
ea510b,192.168.178.22,GET,http://www.independent-tutorials.local/bolt/bolt,1526922054,,302
cca2c6,192.168.178.22,GET,http://www.independent-tutorials.local/bolt/bolt/userfirst,1526922055,,200
603c00,127.0.0.1,GET,http://www.independent-tutorials.local/bolt/async/dashboardnews,1526922127,d0f820,200
60d8af,127.0.0.1,GET,http://www.independent-tutorials.local/bolt/async/latestactivity,1526922127,d0f820,200
d0f820,192.168.178.22,GET,http://www.independent-tutorials.local/bolt/bolt,1526922127,,200
3ee3a5,127.0.0.1,GET,http://www.independent-tutorials.local/bolt/async/latestactivity,1526922154,24800a,200
24800a,192.168.178.22,GET,http://www.independent-tutorials.local/bolt/bolt/users,1526922154,,200
781ba4,192.168.178.22,GET,http://www.independent-tutorials.local/bolt/bolt/users/edit/,1526922158,,200
a1e041,192.168.178.22,POST,http://www.independent-tutorials.local/bolt/bolt/users/edit/,1526922216,,200
bff31a,192.168.178.22,POST,http://www.independent-tutorials.local/bolt/bolt/users/edit/,1526922252,,302
6091cc,127.0.0.1,GET,http://www.independent-tutorials.local/bolt/async/latestactivity,1526922252,0c5cf3,200
0c5cf3,192.168.178.22,GET,http://www.independent-tutorials.local/bolt/bolt/users,1526922252,,200
ed2c62,192.168.178.22,POST,http://www.independent-tutorials.local/bolt/bolt/logout,1526922261,,302
890b79,192.168.178.22,GET,http://www.independent-tutorials.local/bolt/bolt/login,1526922261,,200
d71145,192.168.178.22,POST,http://www.independent-tutorials.local/bolt/bolt/login,1526922270,,302
63b389,127.0.0.1,GET,http://www.independent-tutorials.local/bolt/async/dashboardnews,1526922270,16d452,200
d8c637,127.0.0.1,GET,http://www.independent-tutorials.local/bolt/async/latestactivity,1526922270,16d452,200
16d452,192.168.178.22,GET,http://www.independent-tutorials.local/bolt/bolt,1526922270,,200
6c7234,127.0.0.1,GET,http://www.independent-tutorials.local/bolt/async/latestactivity,1526922273,b923cb,200
b923cb,192.168.178.22,GET,http://www.independent-tutorials.local/bolt/bolt/users,1526922273,,200
3e8b2b,192.168.178.22,POST,http://www.independent-tutorials.local/bolt/bolt/user/delete/1,1526922279,,302
843b27,127.0.0.1,GET,http://www.independent-tutorials.local/bolt/async/latestactivity,1526922279,50259e,200
50259e,192.168.178.22,GET,http://www.independent-tutorials.local/bolt/bolt/users,1526922279,,200
cdfe35,192.168.178.22,GET,http://www.independent-tutorials.local/bolt/bolt/users/edit/2,1526922281,,200
cf0599,192.168.178.22,POST,http://www.independent-tutorials.local/bolt/bolt/users/edit/2,1526922299,,302
77c930,127.0.0.1,GET,http://www.independent-tutorials.local/bolt/async/latestactivity,1526922300,72adb1,200
72adb1,192.168.178.22,GET,http://www.independent-tutorials.local/bolt/bolt/users,1526922300,,200
bfc74b,127.0.0.1,GET,http://www.independent-tutorials.local/bolt/async/lastmodified/homepage,1526922304,06dc11,200
39a6c7,127.0.0.1,GET,http://www.independent-tutorials.local/bolt/async/stack/show?items=5,1526922304,06dc11,200
06dc11,192.168.178.22,GET,http://www.independent-tutorials.local/bolt/bolt/editcontent/homepage,1526922304,,200
faf5c9,192.168.178.22,GET,http://www.independent-tutorials.local/bolt/async/makeuri?contenttypeslug=homepage&fulluri=false&id=&slugfield=slug&title=,1526922305,,200
c8869a,127.0.0.1,GET,http://www.independent-tutorials.local/bolt/async/lastmodified/pages,1526922310,5f427c,200
5f427c,192.168.178.22,GET,http://www.independent-tutorials.local/bolt/bolt/overview/pages,1526922310,,200
ca2519,127.0.0.1,GET,http://www.independent-tutorials.local/bolt/async/lastmodified/entries,1526922312,16aa41,200
16aa41,192.168.178.22,GET,http://www.independent-tutorials.local/bolt/bolt/overview/entries,1526922312,,200
a51091,127.0.0.1,GET,http://www.independent-tutorials.local/bolt/async/lastmodified/showcases,1526922314,114310,200
114310,192.168.178.22,GET,http://www.independent-tutorials.local/bolt/bolt/overview/showcases,1526922314,,200
87180b,127.0.0.1,GET,http://www.independent-tutorials.local/bolt/async/lastmodified/blocks,1526922316,e4ae5e,200
e4ae5e,192.168.178.22,GET,http://www.independent-tutorials.local/bolt/bolt/overview/blocks,1526922316,,200
b0d7b1,192.168.178.22,GET,http://www.independent-tutorials.local/bolt/bolt/file/edit/config/config.yml,1526922323,,200
834ed9,192.168.178.22,GET,http://www.independent-tutorials.local/bolt/bolt/file/edit/config/routing.yml,1526922329,,200
78186b,192.168.178.22,POST,http://www.independent-tutorials.local/bolt/bolt/file/edit/config/routing.yml?returnto=ajax,1526922352,,200
937fff,192.168.178.22,POST,http://www.independent-tutorials.local/bolt/bolt/file/edit/config/routing.yml?returnto=ajax,1526922363,,200
bbf9b4,192.168.178.22,POST,http://www.independent-tutorials.local/bolt/bolt/file/edit/config/routing.yml,1526922368,,200
e34c2b,192.168.178.22,POST,http://www.independent-tutorials.local/bolt/bolt/file/edit/config/routing.yml?returnto=ajax,1526922370,,200
a8cc83,127.0.0.1,GET,http://www.independent-tutorials.local/bolt/async/latestactivity,1526922373,3fc09a,200
3fc09a,192.168.178.22,GET,http://www.independent-tutorials.local/bolt/bolt/users,1526922373,,200
eb489e,192.168.178.22,GET,http://www.independent-tutorials.local/bolt/bolt/file/edit/config/routing.yml,1526922377,,200
a3a775,192.168.178.22,POST,http://www.independent-tutorials.local/bolt/bolt/file/edit/config/routing.yml?returnto=ajax,1526922379,,200
2b590a,192.168.178.22,POST,http://www.independent-tutorials.local/bolt/bolt/file/edit/config/routing.yml?returnto=ajax,1526922452,,200
8b9073,192.168.178.22,GET,http://www.independent-tutorials.local/bolt/bolt/file/edit/config/routing.yml,1526922457,,200
bdb1de,192.168.178.22,POST,http://www.independent-tutorials.local/bolt/bolt/file/edit/config/routing.yml?returnto=ajax,1526922462,,200
dea916,192.168.178.22,GET,http://www.independent-tutorials.local/bolt/bolt/files/config,1526922469,,200
a61402,192.168.178.22,GET,http://www.independent-tutorials.local/bolt/bolt/files/config,1526922522,,200
4b2b60,192.168.178.22,GET,http://www.independent-tutorials.local/bolt/bolt/file/edit/config/config.yml,1526922524,,200
a98356,192.168.178.22,GET,http://www.independent-tutorials.local/bolt/bolt/file/edit/config/routing.yml,1526922530,,200
7e0e1b,192.168.178.22,GET,http://www.independent-tutorials.local/,1526922541,,404
825316,192.168.178.22,GET,http://www.independent-tutorials.local/,1526922542,,404
aab928,192.168.178.22,GET,http://www.bolt.independent-tutorials.local/,1526922855,,404
7cc892,192.168.178.22,GET,http://www.bolt.independent-tutorials.local/favicon.ico,1526922856,,404
46d56e,192.168.178.22,GET,http://www.bolt.independent-tutorials.local/,1526922938,,404
0b0127,192.168.178.22,GET,http://www.bolt.independent-tutorials.local/bolt/,1526922940,,404
8ca548,192.168.178.22,GET,http://www.bolt.independent-tutorials.local/bolt/,1526923871,,404
d2a6be,192.168.178.22,GET,http://www.bolt.independent-tutorials.local/bolt/,1526930535,,404
23fb3e,192.168.178.22,GET,http://www.bolt.independent-tutorials.local/,1526931063,,404
827c01,192.168.178.37,GET,http://bolt.independent-tutorials.local/,1526931483,,404
761e77,192.168.178.37,GET,http://bolt.independent-tutorials.local/favicon.ico,1526931484,,404
2b5a19,192.168.178.37,GET,http://bolt.independent-tutorials.local/favicon.ico,1526931484,,404
b39a89,192.168.178.37,GET,http://bolt.independent-tutorials.local/bolt/,1526931493,,404
8068ac,192.168.178.37,GET,http://bolt.independent-tutorials.local/bolt/bolt,1526931503,,302
58dd64,192.168.178.37,GET,http://bolt.independent-tutorials.local/bolt/bolt/login,1526931503,,200
c3a6b4,192.168.178.37,POST,http://bolt.independent-tutorials.local/bolt/bolt/login,1526931547,,302
c5ba69,127.0.0.1,GET,http://bolt.independent-tutorials.local/bolt/async/dashboardnews,1526931548,20f6d2,200
d71781,127.0.0.1,GET,http://bolt.independent-tutorials.local/bolt/async/latestactivity,1526931548,20f6d2,200
20f6d2,192.168.178.37,GET,http://bolt.independent-tutorials.local/bolt/bolt,1526931548,,200
5756de,192.168.178.37,GET,http://bolt.independent-tutorials.local/bolt/bolt/files/themes,1526931572,,200
b1d01e,192.168.178.37,GET,http://bolt.independent-tutorials.local/bolt/bolt/files/themes/IT,1526931576,,200
cf1ec5,192.168.178.37,GET,http://bolt.independent-tutorials.local/bolt/bolt/file/edit/themes/IT/page.twig,1526931579,,200
eac58a,192.168.178.37,GET,http://bolt.independent-tutorials.local/bolt/bolt/files/themes/IT,1526931602,,200
21be11,192.168.178.37,GET,http://bolt.independent-tutorials.local/bolt/bolt/file/edit/themes/IT/page.twig,1526931695,,200
9b7311,192.168.178.37,GET,http://bolt.independent-tutorials.local/,1526932085,,404
271ab7,192.168.178.37,GET,http://bolt.independent-tutorials.local/favicon.ico,1526932085,,404
a794a2,127.0.0.1,GET,http://bolt.independent-tutorials.local/bolt/async/dashboardnews,1526932098,033487,200
3aa509,127.0.0.1,GET,http://bolt.independent-tutorials.local/bolt/async/latestactivity,1526932098,033487,200
033487,192.168.178.37,GET,http://bolt.independent-tutorials.local/bolt/bolt,1526932098,,200
fb99db,192.168.178.37,GET,http://bolt.independent-tutorials.local/bolt/async/latestactivity,1526932129,,200
a39fbe,192.168.178.37,GET,http://bolt.independent-tutorials.local/bolt/bolt/file/edit/config/taxonomy.yml,1526932158,,200
a6ddb5,192.168.178.37,GET,http://bolt.independent-tutorials.local/bolt/bolt/file/edit/config/config.yml,1526932173,,200
dac70e,192.168.178.37,POST,http://bolt.independent-tutorials.local/bolt/bolt/file/edit/config/config.yml?returnto=ajax,1526932315,,200
99ba20,192.168.178.37,POST,http://bolt.independent-tutorials.local/bolt/bolt/file/edit/config/config.yml?returnto=ajax,1526932340,,200
bcab96,192.168.178.37,POST,http://bolt.independent-tutorials.local/bolt/bolt/file/edit/config/config.yml,1526932349,,200
c8de59,192.168.178.37,POST,http://bolt.independent-tutorials.local/bolt/bolt/file/edit/config/config.yml?returnto=ajax,1526932355,,200
aced9e,192.168.178.37,POST,http://bolt.independent-tutorials.local/bolt/bolt/file/edit/config/config.yml,1526932363,,200
a59e8d,192.168.178.37,GET,http://bolt.independent-tutorials.local/bolt/bolt/file/edit/config/config.yml,1526932371,,200
de8e8b,192.168.178.37,POST,http://bolt.independent-tutorials.local/bolt/bolt/file/edit/config/config.yml?returnto=ajax,1526932388,,200
a3db71,192.168.178.37,GET,http://bolt.independent-tutorials.local/bolt/bolt/extensions,1526932568,,200
7af03f,192.168.178.37,GET,http://bolt.independent-tutorials.local/bolt/bolt/extensions/installed,1526932569,,500
be8938,192.168.178.37,GET,http://bolt.independent-tutorials.local/bolt/bolt/extensions/installed,1526932569,,500
f43fb1,192.168.178.37,GET,http://bolt.independent-tutorials.local/bolt/bolt/files/themes,1526932579,,200
a96ffa,192.168.178.37,GET,http://bolt.independent-tutorials.local/bolt/bolt/files/themes/IT,1526932588,,200
0cb839,192.168.178.37,POST,http://bolt.independent-tutorials.local/bolt/async/file/delete,1526932607,,500
a9b98c,192.168.178.37,POST,http://bolt.independent-tutorials.local/bolt/async/file/delete,1526932618,,500
74a76b,192.168.178.37,POST,http://bolt.independent-tutorials.local/bolt/async/file/delete,1526932699,,500
8bcd5f,192.168.178.37,POST,http://bolt.independent-tutorials.local/bolt/async/file/delete,1526932881,,500
593527,192.168.178.37,GET,http://bolt.independent-tutorials.local/bolt/bolt/files/themes/IT,1526932903,,200
97bb42,192.168.178.37,POST,http://bolt.independent-tutorials.local/bolt/async/file/delete,1526932914,,500
f21120,192.168.178.37,GET,http://bolt.independent-tutorials.local/,1526933700,,404
949ff5,127.0.0.1,GET,http://bolt.independent-tutorials.local/bolt/async/dashboardnews,1526933720,ef96b4,200
24c43d,127.0.0.1,GET,http://bolt.independent-tutorials.local/bolt/async/latestactivity,1526933720,ef96b4,200
ef96b4,192.168.178.37,GET,http://bolt.independent-tutorials.local/bolt/bolt,1526933720,,200
18d14a,127.0.0.1,GET,http://bolt.independent-tutorials.local/bolt/async/lastmodified/pages,1526933735,1fc787,200
1fc787,192.168.178.37,GET,http://bolt.independent-tutorials.local/bolt/bolt/overview/pages,1526933735,,200
d7fcf7,127.0.0.1,GET,http://bolt.independent-tutorials.local/bolt/async/lastmodified/homepage,1526933739,7d1bdd,200
6df97e,127.0.0.1,GET,http://bolt.independent-tutorials.local/bolt/async/stack/show?items=5,1526933739,7d1bdd,200
7d1bdd,192.168.178.37,GET,http://bolt.independent-tutorials.local/bolt/bolt/editcontent/homepage,1526933739,,200
be0b0e,192.168.178.37,GET,http://bolt.independent-tutorials.local/bolt/async/makeuri?contenttypeslug=homepage&fulluri=false&id=&slugfield=slug&title=,1526933740,,200
c7fc18,192.168.178.37,GET,http://bolt.independent-tutorials.local/bolt/bolt/files/themes,1526933748,,200
d8716b,192.168.178.37,GET,http://bolt.independent-tutorials.local/bolt/bolt/files/themes/IT,1526933753,,200
4c40d7,127.0.0.1,GET,http://bolt.independent-tutorials.local/bolt/async/lastmodified/homepage,1526933766,2783cb,200
2bac7d,127.0.0.1,GET,http://bolt.independent-tutorials.local/bolt/async/stack/show?items=5,1526933766,2783cb,200
2783cb,192.168.178.37,GET,http://bolt.independent-tutorials.local/bolt/bolt/editcontent/homepage,1526933766,,200
a25aea,192.168.178.37,GET,http://bolt.independent-tutorials.local/bolt/async/makeuri?contenttypeslug=homepage&fulluri=false&id=&slugfield=slug&title=,1526933767,,200
10f818,192.168.178.37,GET,http://bolt.independent-tutorials.local/bolt/async/makeuri?contenttypeslug=homepage&fulluri=false&id=&slugfield=slug&title=Inde,1526933770,,200
89a9fb,192.168.178.37,GET,http://bolt.independent-tutorials.local/bolt/async/makeuri?contenttypeslug=homepage&fulluri=false&id=&slugfield=slug&title=Independe,1526933771,,200
93945e,192.168.178.37,GET,http://bolt.independent-tutorials.local/bolt/async/makeuri?contenttypeslug=homepage&fulluri=false&id=&slugfield=slug&title=Independee,1526933771,,200
fa1a8c,192.168.178.37,GET,http://bolt.independent-tutorials.local/bolt/async/makeuri?contenttypeslug=homepage&fulluri=false&id=&slugfield=slug&title=Independe,1526933772,,200
a87e0e,192.168.178.37,GET,http://bolt.independent-tutorials.local/bolt/async/makeuri?contenttypeslug=homepage&fulluri=false&id=&slugfield=slug&title=Independent,1526933772,,200
4ae234,192.168.178.37,GET,http://bolt.independent-tutorials.local/bolt/async/makeuri?contenttypeslug=homepage&fulluri=false&id=&slugfield=slug&title=Independent%20T,1526933772,,200
e36cf8,192.168.178.37,GET,http://bolt.independent-tutorials.local/bolt/async/makeuri?contenttypeslug=homepage&fulluri=false&id=&slugfield=slug&title=Independent%20Tu,1526933773,,200
c53b8c,192.168.178.37,GET,http://bolt.independent-tutorials.local/bolt/async/makeuri?contenttypeslug=homepage&fulluri=false&id=&slugfield=slug&title=Independent%20Tutorial,1526933774,,200
4708e0,192.168.178.37,GET,http://bolt.independent-tutorials.local/bolt/async/makeuri?contenttypeslug=homepage&fulluri=false&id=&slugfield=slug&title=Independent%20Tutorial,1526933776,,200
33497f,192.168.178.37,POST,http://bolt.independent-tutorials.local/bolt/bolt/editcontent/homepage,1526933800,,302
346324,127.0.0.1,GET,http://bolt.independent-tutorials.local/bolt/async/lastmodified/homepage,1526933800,ea2391,200
2e3351,127.0.0.1,GET,http://bolt.independent-tutorials.local/bolt/async/stack/show?items=5,1526933800,ea2391,200
ea2391,192.168.178.37,GET,http://bolt.independent-tutorials.local/bolt/bolt/editcontent/homepage/1,1526933800,,200
125140,127.0.0.1,GET,http://bolt.independent-tutorials.local/bolt/async/lastmodified/pages,1526933806,2de027,200
540160,127.0.0.1,GET,http://bolt.independent-tutorials.local/bolt/async/stack/show?items=5,1526933806,2de027,200
2de027,192.168.178.37,GET,http://bolt.independent-tutorials.local/bolt/bolt/editcontent/pages,1526933806,,200
460209,192.168.178.37,GET,http://bolt.independent-tutorials.local/bolt/async/makeuri?contenttypeslug=pages&fulluri=false&id=&slugfield=slug&title=,1526933807,,200
66ee31,192.168.178.37,GET,http://bolt.independent-tutorials.local/bolt/async/makeuri?contenttypeslug=pages&fulluri=false&id=&slugfield=slug&title=Fach,1526933825,,200
cdad34,192.168.178.37,GET,http://bolt.independent-tutorials.local/bolt/async/makeuri?contenttypeslug=pages&fulluri=false&id=&slugfield=slug&title=Fach2,1526933825,,200
6054ac,192.168.178.37,GET,http://bolt.independent-tutorials.local/bolt/async/makeuri?contenttypeslug=pages&fulluri=false&id=&slugfield=slug&title=Fach2,1526933826,,200
f8ad34,192.168.178.37,POST,http://bolt.independent-tutorials.local/bolt/bolt/editcontent/pages,1526933870,,302
1105ae,127.0.0.1,GET,http://bolt.independent-tutorials.local/bolt/async/lastmodified/pages,1526933870,51bde7,200
cd128c,127.0.0.1,GET,http://bolt.independent-tutorials.local/bolt/async/stack/show?items=5,1526933870,51bde7,200
51bde7,192.168.178.37,GET,http://bolt.independent-tutorials.local/bolt/bolt/editcontent/pages/1,1526933870,,200
bf7682,127.0.0.1,GET,http://bolt.independent-tutorials.local/bolt/async/lastmodified/pages,1526933875,03099a,200
6e3ea4,127.0.0.1,GET,http://bolt.independent-tutorials.local/bolt/async/stack/show?items=5,1526933875,03099a,200
03099a,192.168.178.37,GET,http://bolt.independent-tutorials.local/bolt/bolt/editcontent/pages,1526933875,,200
d21a4f,192.168.178.37,GET,http://bolt.independent-tutorials.local/bolt/async/makeuri?contenttypeslug=pages&fulluri=false&id=&slugfield=slug&title=,1526933876,,200
652067,192.168.178.37,GET,http://bolt.independent-tutorials.local/bolt/async/makeuri?contenttypeslug=pages&fulluri=false&id=&slugfield=slug&title=Fach,1526933886,,200
9de8ea,192.168.178.37,GET,http://bolt.independent-tutorials.local/bolt/async/makeuri?contenttypeslug=pages&fulluri=false&id=&slugfield=slug&title=FachXY,1526933887,,200
96bdfc,192.168.178.37,GET,http://bolt.independent-tutorials.local/bolt/async/makeuri?contenttypeslug=pages&fulluri=false&id=&slugfield=slug&title=FachXY,1526933888,,200
fc54b3,192.168.178.37,POST,http://bolt.independent-tutorials.local/bolt/bolt/editcontent/pages,1526933932,,302
6501e7,127.0.0.1,GET,http://bolt.independent-tutorials.local/bolt/async/lastmodified/pages,1526933932,425cb9,200
9a3710,127.0.0.1,GET,http://bolt.independent-tutorials.local/bolt/async/stack/show?items=5,1526933932,425cb9,200
425cb9,192.168.178.37,GET,http://bolt.independent-tutorials.local/bolt/bolt/editcontent/pages/2,1526933932,,200
e617fc,127.0.0.1,GET,http://bolt.independent-tutorials.local/bolt/async/lastmodified/pages,1526933938,7b75a3,200
47d161,127.0.0.1,GET,http://bolt.independent-tutorials.local/bolt/async/stack/show?items=5,1526933938,7b75a3,200
7b75a3,192.168.178.37,GET,http://bolt.independent-tutorials.local/bolt/bolt/editcontent/pages,1526933938,,200
572046,192.168.178.37,GET,http://bolt.independent-tutorials.local/bolt/async/makeuri?contenttypeslug=pages&fulluri=false&id=&slugfield=slug&title=,1526933939,,200
6be3b0,192.168.178.37,GET,http://bolt.independent-tutorials.local/bolt/async/makeuri?contenttypeslug=pages&fulluri=false&id=&slugfield=slug&title=Da,1526933940,,200
709f29,192.168.178.37,GET,http://bolt.independent-tutorials.local/bolt/async/makeuri?contenttypeslug=pages&fulluri=false&id=&slugfield=slug&title=,1526933941,,200
1af7b0,192.168.178.37,GET,http://bolt.independent-tutorials.local/bolt/async/makeuri?contenttypeslug=pages&fulluri=false&id=&slugfield=slug&title=W,1526933941,,200
b475c3,192.168.178.37,GET,http://bolt.independent-tutorials.local/bolt/async/makeuri?contenttypeslug=pages&fulluri=false&id=&slugfield=slug&title=Weitere,1526933942,,200
5b259f,192.168.178.37,GET,http://bolt.independent-tutorials.local/bolt/async/makeuri?contenttypeslug=pages&fulluri=false&id=&slugfield=slug&title=Weitere%20S,1526933943,,200
da8222,192.168.178.37,GET,http://bolt.independent-tutorials.local/bolt/async/makeuri?contenttypeslug=pages&fulluri=false&id=&slugfield=slug&title=Weitere%20Seit,1526933943,,200
44814d,192.168.178.37,POST,http://bolt.independent-tutorials.local/bolt/bolt/editcontent/pages,1526933964,,302
ccd541,127.0.0.1,GET,http://bolt.independent-tutorials.local/bolt/async/lastmodified/pages,1526933964,8d409a,200
0fa693,127.0.0.1,GET,http://bolt.independent-tutorials.local/bolt/async/stack/show?items=5,1526933964,8d409a,200
8d409a,192.168.178.37,GET,http://bolt.independent-tutorials.local/bolt/bolt/editcontent/pages/3,1526933964,,200
d528f3,127.0.0.1,GET,http://bolt.independent-tutorials.local/bolt/async/lastmodified/pages,1526933968,ff49ee,200
d1ba6f,127.0.0.1,GET,http://bolt.independent-tutorials.local/bolt/async/stack/show?items=5,1526933968,ff49ee,200
ff49ee,192.168.178.37,GET,http://bolt.independent-tutorials.local/bolt/bolt/editcontent/pages/3,1526933968,,200
fece5c,127.0.0.1,GET,http://bolt.independent-tutorials.local/bolt/async/lastmodified/pages,1526933971,1ee29e,200
b44a30,127.0.0.1,GET,http://bolt.independent-tutorials.local/bolt/async/stack/show?items=5,1526933971,1ee29e,200
1ee29e,192.168.178.37,GET,http://bolt.independent-tutorials.local/bolt/bolt/editcontent/pages,1526933971,,200
39a3ef,192.168.178.37,GET,http://bolt.independent-tutorials.local/bolt/async/makeuri?contenttypeslug=pages&fulluri=false&id=&slugfield=slug&title=,1526933972,,200
ca669a,192.168.178.37,GET,http://bolt.independent-tutorials.local/bolt/async/makeuri?contenttypeslug=pages&fulluri=false&id=&slugfield=slug&title=K,1526933975,,200
979e0b,192.168.178.37,GET,http://bolt.independent-tutorials.local/bolt/async/makeuri?contenttypeslug=pages&fulluri=false&id=&slugfield=slug&title=Krypo,1526933976,,200
dc092b,192.168.178.37,GET,http://bolt.independent-tutorials.local/bolt/async/makeuri?contenttypeslug=pages&fulluri=false&id=&slugfield=slug&title=Krypt,1526933977,,200
b9a230,192.168.178.37,GET,http://bolt.independent-tutorials.local/bolt/async/makeuri?contenttypeslug=pages&fulluri=false&id=&slugfield=slug&title=Krypto,1526933977,,200
75ce6d,192.168.178.37,GET,http://bolt.independent-tutorials.local/bolt/async/makeuri?contenttypeslug=pages&fulluri=false&id=&slugfield=slug&title=Krypto,1526933977,,200
850994,192.168.178.37,POST,http://bolt.independent-tutorials.local/bolt/bolt/editcontent/pages,1526934009,,302
b3503c,127.0.0.1,GET,http://bolt.independent-tutorials.local/bolt/async/lastmodified/pages,1526934009,c58c33,200
aa9064,127.0.0.1,GET,http://bolt.independent-tutorials.local/bolt/async/stack/show?items=5,1526934009,c58c33,200
c58c33,192.168.178.37,GET,http://bolt.independent-tutorials.local/bolt/bolt/editcontent/pages/4,1526934009,,200
2bbed8,127.0.0.1,GET,http://bolt.independent-tutorials.local/bolt/async/lastmodified/pages,1526934017,8f6fcb,200
8f6fcb,192.168.178.37,GET,http://bolt.independent-tutorials.local/bolt/bolt/overview/pages,1526934017,,200
3ffea4,127.0.0.1,GET,http://bolt.independent-tutorials.local/bolt/async/lastmodified/pages,1526934023,0a5fcc,200
5af3e3,127.0.0.1,GET,http://bolt.independent-tutorials.local/bolt/async/stack/show?items=5,1526934023,0a5fcc,200
0a5fcc,192.168.178.37,GET,http://bolt.independent-tutorials.local/bolt/bolt/editcontent/pages/1,1526934023,,200
27c66d,192.168.178.37,POST,http://bolt.independent-tutorials.local/bolt/bolt/editcontent/pages/1,1526934042,,200
af8af8,127.0.0.1,GET,http://bolt.independent-tutorials.local/bolt/async/lastmodified/entries,1526934047,85aeef,200
85aeef,192.168.178.37,GET,http://bolt.independent-tutorials.local/bolt/bolt/overview/entries,1526934047,,200
bedd44,127.0.0.1,GET,http://bolt.independent-tutorials.local/bolt/async/lastmodified/pages,1526934051,1d1b88,200
dbb989,127.0.0.1,GET,http://bolt.independent-tutorials.local/bolt/async/stack/show?items=5,1526934051,1d1b88,200
1d1b88,192.168.178.37,GET,http://bolt.independent-tutorials.local/bolt/bolt/editcontent/pages/3,1526934051,,200
a71ed4,192.168.178.37,POST,http://bolt.independent-tutorials.local/bolt/bolt/editcontent/pages/3,1526934057,,200
e4ee3e,127.0.0.1,GET,http://bolt.independent-tutorials.local/bolt/async/lastmodified/pages,1526934060,4eb7fe,200
044589,127.0.0.1,GET,http://bolt.independent-tutorials.local/bolt/async/stack/show?items=5,1526934060,4eb7fe,200
4eb7fe,192.168.178.37,GET,http://bolt.independent-tutorials.local/bolt/bolt/editcontent/pages/4,1526934060,,200
3d76c3,192.168.178.37,POST,http://bolt.independent-tutorials.local/bolt/bolt/editcontent/pages/4,1526934066,,200
907cbe,127.0.0.1,GET,http://bolt.independent-tutorials.local/bolt/async/lastmodified/pages,1526934069,234d09,200
26f166,127.0.0.1,GET,http://bolt.independent-tutorials.local/bolt/async/stack/show?items=5,1526934069,234d09,200
234d09,192.168.178.37,GET,http://bolt.independent-tutorials.local/bolt/bolt/editcontent/pages/2,1526934069,,200
513fb2,192.168.178.37,POST,http://bolt.independent-tutorials.local/bolt/bolt/editcontent/pages/2,1526934081,,200
976101,127.0.0.1,GET,http://bolt.independent-tutorials.local/bolt/async/lastmodified/entries,1526934087,cdbc54,200
2282de,127.0.0.1,GET,http://bolt.independent-tutorials.local/bolt/async/stack/show?items=5,1526934087,cdbc54,200
cdbc54,192.168.178.37,GET,http://bolt.independent-tutorials.local/bolt/bolt/editcontent/entries,1526934087,,200
6b840e,192.168.178.37,GET,http://bolt.independent-tutorials.local/bolt/async/tags/tags,1526934088,,200
4e90e7,192.168.178.37,GET,http://bolt.independent-tutorials.local/bolt/async/populartags/tags?limit=40,1526934088,,200
e4d105,192.168.178.37,GET,http://bolt.independent-tutorials.local/bolt/async/makeuri?contenttypeslug=entries&fulluri=false&id=&slugfield=slug&title=,1526934088,,200
64a5dc,192.168.178.37,GET,http://bolt.independent-tutorials.local/bolt/async/makeuri?contenttypeslug=entries&fulluri=false&id=&slugfield=slug&title=Inhalt,1526934104,,200
c080ce,192.168.178.37,GET,http://bolt.independent-tutorials.local/bolt/async/makeuri?contenttypeslug=entries&fulluri=false&id=&slugfield=slug&title=Inhalt4,1526934104,,200
d28946,192.168.178.37,GET,http://bolt.independent-tutorials.local/bolt/async/makeuri?contenttypeslug=entries&fulluri=false&id=&slugfield=slug&title=Inhalt4,1526934105,,200
960681,192.168.178.37,POST,http://bolt.independent-tutorials.local/bolt/bolt/editcontent/entries,1526934132,,302
c00ef7,127.0.0.1,GET,http://bolt.independent-tutorials.local/bolt/async/lastmodified/entries,1526934132,42cd88,200
cb586a,127.0.0.1,GET,http://bolt.independent-tutorials.local/bolt/async/stack/show?items=5,1526934132,42cd88,200
42cd88,192.168.178.37,GET,http://bolt.independent-tutorials.local/bolt/bolt/editcontent/entries/1,1526934132,,200
b2bc7d,192.168.178.37,GET,http://bolt.independent-tutorials.local/bolt/async/populartags/tags?limit=40,1526934133,,200
a7b029,192.168.178.37,GET,http://bolt.independent-tutorials.local/bolt/async/tags/tags,1526934133,,200
71924e,127.0.0.1,GET,http://bolt.independent-tutorials.local/bolt/async/lastmodified/entries,1526934137,7939f4,200
f1add3,127.0.0.1,GET,http://bolt.independent-tutorials.local/bolt/async/stack/show?items=5,1526934137,7939f4,200
7939f4,192.168.178.37,GET,http://bolt.independent-tutorials.local/bolt/bolt/editcontent/entries,1526934137,,200
0089f1,192.168.178.37,GET,http://bolt.independent-tutorials.local/bolt/async/tags/tags,1526934138,,200
0a9f3c,192.168.178.37,GET,http://bolt.independent-tutorials.local/bolt/async/populartags/tags?limit=40,1526934138,,200
ed929b,192.168.178.37,GET,http://bolt.independent-tutorials.local/bolt/async/makeuri?contenttypeslug=entries&fulluri=false&id=&slugfield=slug&title=,1526934138,,200
ec4d75,192.168.178.37,GET,http://bolt.independent-tutorials.local/bolt/async/makeuri?contenttypeslug=entries&fulluri=false&id=&slugfield=slug&title=Inahlt,1526934144,,200
bf97b2,192.168.178.37,GET,http://bolt.independent-tutorials.local/bolt/async/makeuri?contenttypeslug=entries&fulluri=false&id=&slugfield=slug&title=Ina,1526934146,,200
205346,192.168.178.37,GET,http://bolt.independent-tutorials.local/bolt/async/makeuri?contenttypeslug=entries&fulluri=false&id=&slugfield=slug&title=In,1526934147,,200
8e003a,192.168.178.37,GET,http://bolt.independent-tutorials.local/bolt/async/makeuri?contenttypeslug=entries&fulluri=false&id=&slugfield=slug&title=Inhalt,1526934148,,200
0f9f8b,192.168.178.37,GET,http://bolt.independent-tutorials.local/bolt/async/makeuri?contenttypeslug=entries&fulluri=false&id=&slugfield=slug&title=Inhalt3,1526934148,,200
4ce8ed,192.168.178.37,GET,http://bolt.independent-tutorials.local/bolt/async/makeuri?contenttypeslug=entries&fulluri=false&id=&slugfield=slug&title=Inhalt3,1526934149,,200
1e902c,192.168.178.37,POST,http://bolt.independent-tutorials.local/bolt/bolt/editcontent/entries,1526934198,,302
2bc989,127.0.0.1,GET,http://bolt.independent-tutorials.local/bolt/async/lastmodified/entries,1526934198,a40039,200
9fdae1,127.0.0.1,GET,http://bolt.independent-tutorials.local/bolt/async/stack/show?items=5,1526934198,a40039,200
a40039,192.168.178.37,GET,http://bolt.independent-tutorials.local/bolt/bolt/editcontent/entries/2,1526934198,,200
952dc1,192.168.178.37,GET,http://bolt.independent-tutorials.local/bolt/async/tags/tags,1526934199,,200
acc495,192.168.178.37,GET,http://bolt.independent-tutorials.local/bolt/async/populartags/tags?limit=40,1526934199,,200
acb3e2,127.0.0.1,GET,http://bolt.independent-tutorials.local/bolt/async/lastmodified/entries,1526934202,4e969c,200
43cde3,127.0.0.1,GET,http://bolt.independent-tutorials.local/bolt/async/stack/show?items=5,1526934202,4e969c,200
4e969c,192.168.178.37,GET,http://bolt.independent-tutorials.local/bolt/bolt/editcontent/entries,1526934202,,200
a2ae42,192.168.178.37,GET,http://bolt.independent-tutorials.local/bolt/async/tags/tags,1526934203,,200
bc9469,192.168.178.37,GET,http://bolt.independent-tutorials.local/bolt/async/populartags/tags?limit=40,1526934203,,200
02b902,192.168.178.37,GET,http://bolt.independent-tutorials.local/bolt/async/makeuri?contenttypeslug=entries&fulluri=false&id=&slugfield=slug&title=,1526934203,,200
2aa095,192.168.178.37,GET,http://bolt.independent-tutorials.local/bolt/async/makeuri?contenttypeslug=entries&fulluri=false&id=&slugfield=slug&title=Inahkl,1526934211,,200
24dacb,192.168.178.37,GET,http://bolt.independent-tutorials.local/bolt/async/makeuri?contenttypeslug=entries&fulluri=false&id=&slugfield=slug&title=I,1526934213,,200
6dc438,192.168.178.37,GET,http://bolt.independent-tutorials.local/bolt/async/makeuri?contenttypeslug=entries&fulluri=false&id=&slugfield=slug&title=In,1526934214,,200
355c2f,192.168.178.37,GET,http://bolt.independent-tutorials.local/bolt/async/makeuri?contenttypeslug=entries&fulluri=false&id=&slugfield=slug&title=Inhalt,1526934214,,200
607b19,192.168.178.37,GET,http://bolt.independent-tutorials.local/bolt/async/makeuri?contenttypeslug=entries&fulluri=false&id=&slugfield=slug&title=Inhalt3,1526934215,,200
ff1d61,192.168.178.37,GET,http://bolt.independent-tutorials.local/bolt/async/makeuri?contenttypeslug=entries&fulluri=false&id=&slugfield=slug&title=Inhalt2,1526934215,,200
66269d,192.168.178.37,GET,http://bolt.independent-tutorials.local/bolt/async/makeuri?contenttypeslug=entries&fulluri=false&id=&slugfield=slug&title=Inhalt2,1526934216,,200
310238,192.168.178.37,POST,http://bolt.independent-tutorials.local/bolt/bolt/editcontent/entries,1526934260,,302
4bf19a,127.0.0.1,GET,http://bolt.independent-tutorials.local/bolt/async/lastmodified/entries,1526934260,25bac4,200
5d50ef,127.0.0.1,GET,http://bolt.independent-tutorials.local/bolt/async/stack/show?items=5,1526934260,25bac4,200
25bac4,192.168.178.37,GET,http://bolt.independent-tutorials.local/bolt/bolt/editcontent/entries/3,1526934260,,200
4c800e,192.168.178.37,GET,http://bolt.independent-tutorials.local/bolt/async/tags/tags,1526934261,,200
6ebaa4,192.168.178.37,GET,http://bolt.independent-tutorials.local/bolt/async/populartags/tags?limit=40,1526934261,,200
6d7fee,127.0.0.1,GET,http://bolt.independent-tutorials.local/bolt/async/lastmodified/entries,1526934265,35bb80,200
ce646d,127.0.0.1,GET,http://bolt.independent-tutorials.local/bolt/async/stack/show?items=5,1526934265,35bb80,200
35bb80,192.168.178.37,GET,http://bolt.independent-tutorials.local/bolt/bolt/editcontent/entries,1526934265,,200
753930,192.168.178.37,GET,http://bolt.independent-tutorials.local/bolt/async/tags/tags,1526934266,,200
c4aadf,192.168.178.37,GET,http://bolt.independent-tutorials.local/bolt/async/populartags/tags?limit=40,1526934266,,200
5afd4d,192.168.178.37,GET,http://bolt.independent-tutorials.local/bolt/async/makeuri?contenttypeslug=entries&fulluri=false&id=&slugfield=slug&title=,1526934266,,200
068b5a,192.168.178.37,GET,http://bolt.independent-tutorials.local/bolt/async/makeuri?contenttypeslug=entries&fulluri=false&id=&slugfield=slug&title=Inhalt,1526934271,,200
5c7a8b,192.168.178.37,GET,http://bolt.independent-tutorials.local/bolt/async/makeuri?contenttypeslug=entries&fulluri=false&id=&slugfield=slug&title=Inhalt2,1526934271,,200
b5d376,192.168.178.37,GET,http://bolt.independent-tutorials.local/bolt/async/makeuri?contenttypeslug=entries&fulluri=false&id=&slugfield=slug&title=Inhalt1,1526934272,,200
e4239c,192.168.178.37,GET,http://bolt.independent-tutorials.local/bolt/async/makeuri?contenttypeslug=entries&fulluri=false&id=&slugfield=slug&title=Inhalt1,1526934273,,200
32ddba,192.168.178.22,GET,http://www.bolt.independent-tutorials.local/bolt/,1526934283,,404
7062ab,192.168.178.37,POST,http://bolt.independent-tutorials.local/bolt/bolt/editcontent/entries,1526934323,,302
a02f5a,127.0.0.1,GET,http://bolt.independent-tutorials.local/bolt/async/lastmodified/entries,1526934323,1ea44d,200
f3942a,127.0.0.1,GET,http://bolt.independent-tutorials.local/bolt/async/stack/show?items=5,1526934323,1ea44d,200
1ea44d,192.168.178.37,GET,http://bolt.independent-tutorials.local/bolt/bolt/editcontent/entries/4,1526934323,,200
865f8b,192.168.178.37,GET,http://bolt.independent-tutorials.local/bolt/async/tags/tags,1526934324,,200
da8ce8,192.168.178.37,GET,http://bolt.independent-tutorials.local/bolt/async/populartags/tags?limit=40,1526934324,,200
faf987,192.168.178.37,GET,http://bolt.independent-tutorials.local/bolt/bolt/file/edit/config/config.yml,1526934330,,200
057745,192.168.178.37,GET,http://bolt.independent-tutorials.local/bolt/bolt/file/edit/config/contenttypes.yml,1526934345,,200
0e5101,192.168.178.37,POST,http://bolt.independent-tutorials.local/bolt/bolt/file/edit/config/contenttypes.yml?returnto=ajax,1526934386,,200
06d86a,127.0.0.1,GET,http://bolt.independent-tutorials.local/bolt/async/dashboardnews,1526934391,e32c7d,200
528c09,127.0.0.1,GET,http://bolt.independent-tutorials.local/bolt/async/latestactivity,1526934391,e32c7d,200
e32c7d,192.168.178.37,GET,http://bolt.independent-tutorials.local/bolt/bolt,1526934391,,200
f40ef1,127.0.0.1,GET,http://bolt.independent-tutorials.local/bolt/async/dashboardnews,1526934398,35698e,200
8480ae,127.0.0.1,GET,http://bolt.independent-tutorials.local/bolt/async/latestactivity,1526934398,35698e,200
35698e,192.168.178.37,GET,http://bolt.independent-tutorials.local/bolt/bolt,1526934398,,200
0b1d50,127.0.0.1,GET,http://bolt.independent-tutorials.local/bolt/async/lastmodified/homepage,1526934408,2c2636,200
d5d634,127.0.0.1,GET,http://bolt.independent-tutorials.local/bolt/async/stack/show?items=5,1526934408,2c2636,200
2c2636,192.168.178.37,GET,http://bolt.independent-tutorials.local/bolt/bolt/editcontent/homepage/1,1526934408,,200
20c417,192.168.178.37,GET,http://bolt.independent-tutorials.local/bolt/bolt/file/edit/config/config.yml,1526934415,,200
52fc14,192.168.178.37,GET,http://bolt.independent-tutorials.local/bolt/async/latestactivity,1526934421,,200
eb68ce,127.0.0.1,GET,http://bolt.independent-tutorials.local/bolt/async/dashboardnews,1526934427,8b10b1,200
1c0bcb,127.0.0.1,GET,http://bolt.independent-tutorials.local/bolt/async/latestactivity,1526934427,8b10b1,200
8b10b1,192.168.178.37,GET,http://bolt.independent-tutorials.local/bolt/bolt,1526934427,,200
360b57,192.168.178.22,GET,http://www.bolt.independent-tutorials.local/bolt/,1526934437,,404
77ea76,192.168.178.37,GET,http://bolt.independent-tutorials.local/bolt/async/latestactivity,1526934451,,200
6e3d58,192.168.178.37,GET,http://bolt.independent-tutorials.local/bolt/async/latestactivity,1526934458,,200
fe2667,192.168.178.37,GET,http://bolt.independent-tutorials.local/bolt/async/latestactivity,1526934481,,200
8af6f6,192.168.178.37,GET,http://bolt.independent-tutorials.local/bolt/async/latestactivity,1526934488,,200
85fc0b,192.168.178.37,GET,http://bolt.independent-tutorials.local/bolt/public,1526934496,,404
e7d4d9,192.168.178.37,GET,http://bolt.independent-tutorials.local/bolt/async/latestactivity,1526934518,,200
1d33e6,192.168.178.37,GET,http://bolt.independent-tutorials.local/bolt/bolt/file/edit/config/config.yml,1526934527,,200
1646a2,192.168.178.37,GET,http://bolt.independent-tutorials.local/bolt/async/latestactivity,1526934548,,200
2027cb,192.168.178.37,POST,http://bolt.independent-tutorials.local/bolt/bolt/file/edit/config/config.yml?returnto=ajax,1526934552,,200
ee465c,192.168.178.37,GET,http://bolt.independent-tutorials.local/bolt/bolt/files/themes,1526934561,,200
290542,192.168.178.37,GET,http://bolt.independent-tutorials.local/bolt/bolt/files/themes/IT,1526934567,,200
7af610,192.168.178.37,GET,http://bolt.independent-tutorials.local/bolt/async/latestactivity,1526934578,,200
145904,192.168.178.37,GET,http://bolt.independent-tutorials.local/bolt/bolt/files/themes/IT/partials,1526934580,,200
4022c2,192.168.178.37,GET,http://bolt.independent-tutorials.local/bolt/bolt/file/edit/themes/IT/partials/master.twig,1526934587,,200
f64582,192.168.178.37,GET,http://bolt.independent-tutorials.local/bolt/bolt/files/themes/IT/partials,1526934608,,200
03c726,192.168.178.37,GET,http://bolt.independent-tutorials.local/bolt/async/latestactivity,1526934608,,200
364544,192.168.178.37,GET,http://bolt.independent-tutorials.local/bolt/bolt/files/themes/IT,1526934610,,200
d1410e,192.168.178.37,GET,http://bolt.independent-tutorials.local/bolt/bolt/file/edit/themes/IT/page.twig,1526934612,,200
7cc0f6,127.0.0.1,GET,http://bolt.independent-tutorials.local/bolt/async/dashboardnews,1526934622,ee0de6,200
bdc189,127.0.0.1,GET,http://bolt.independent-tutorials.local/bolt/async/latestactivity,1526934622,ee0de6,200
ee0de6,192.168.178.37,GET,http://bolt.independent-tutorials.local/bolt/bolt,1526934622,,200
74c390,127.0.0.1,GET,http://bolt.independent-tutorials.local/bolt/async/lastmodified/homepage,1526934635,82f801,200
3f9a3f,127.0.0.1,GET,http://bolt.independent-tutorials.local/bolt/async/stack/show?items=5,1526934635,82f801,200
82f801,192.168.178.37,GET,http://bolt.independent-tutorials.local/bolt/bolt/editcontent/homepage,1526934635,,200
273a59,192.168.178.37,GET,http://bolt.independent-tutorials.local/bolt/async/makeuri?contenttypeslug=homepage&fulluri=false&id=&slugfield=slug&title=,1526934637,,200
8886ac,192.168.178.37,GET,http://bolt.independent-tutorials.local/bolt/async/latestactivity,1526934638,,200
574c4b,192.168.178.37,GET,http://bolt.independent-tutorials.local/bolt/async/makeuri?contenttypeslug=homepage&fulluri=false&id=&slugfield=slug&title=I,1526934642,,200
3b3845,192.168.178.37,GET,http://bolt.independent-tutorials.local/bolt/async/makeuri?contenttypeslug=homepage&fulluri=false&id=&slugfield=slug&title=Inde,1526934642,,200
6c95ac,192.168.178.37,GET,http://bolt.independent-tutorials.local/bolt/async/makeuri?contenttypeslug=homepage&fulluri=false&id=&slugfield=slug&title=Independent%20Tutorial,1526934643,,200
efd87d,192.168.178.37,GET,http://bolt.independent-tutorials.local/bolt/async/makeuri?contenttypeslug=homepage&fulluri=false&id=&slugfield=slug&title=Independent%20Tutorial,1526934644,,200
4bc512,192.168.178.37,POST,http://bolt.independent-tutorials.local/bolt/bolt/editcontent/homepage,1526934648,,302
c0f04c,127.0.0.1,GET,http://bolt.independent-tutorials.local/bolt/async/lastmodified/homepage,1526934648,a733e1,200
828079,127.0.0.1,GET,http://bolt.independent-tutorials.local/bolt/async/stack/show?items=5,1526934648,a733e1,200
a733e1,192.168.178.37,GET,http://bolt.independent-tutorials.local/bolt/bolt/editcontent/homepage/2,1526934648,,200
6bcbed,127.0.0.1,GET,http://bolt.independent-tutorials.local/bolt/async/lastmodified/pages,1526934655,67e3c0,200
2a4f9d,127.0.0.1,GET,http://bolt.independent-tutorials.local/bolt/async/stack/show?items=5,1526934655,67e3c0,200
67e3c0,192.168.178.37,GET,http://bolt.independent-tutorials.local/bolt/bolt/editcontent/pages/3,1526934655,,200
7aeb7f,192.168.178.37,POST,http://bolt.independent-tutorials.local/bolt/preview/page,1526934659,,200
91d10a,127.0.0.1,GET,http://bolt.independent-tutorials.local/bolt/async/dashboardnews,1526934661,058001,200
02e0c6,127.0.0.1,GET,http://bolt.independent-tutorials.local/bolt/async/latestactivity,1526934661,058001,200
058001,192.168.178.37,GET,http://bolt.independent-tutorials.local/bolt/bolt,1526934661,,200
543c0c,192.168.178.37,GET,http://bolt.independent-tutorials.local/bolt/async/latestactivity,1526934668,,200
10814d,192.168.178.37,POST,http://bolt.independent-tutorials.local/bolt/preview/page,1526934680,,200
0ca74e,192.168.178.37,GET,http://bolt.independent-tutorials.local/bolt/async/latestactivity,1526934692,,200
78d63b,127.0.0.1,GET,http://bolt.independent-tutorials.local/bolt/async/lastmodified/entries,1526934693,c87367,200
c87367,192.168.178.37,GET,http://bolt.independent-tutorials.local/bolt/bolt/overview/entries,1526934693,,200
a9d35a,127.0.0.1,GET,http://bolt.independent-tutorials.local/bolt/async/lastmodified/entries,1526934696,0b7ef9,200
200f2d,127.0.0.1,GET,http://bolt.independent-tutorials.local/bolt/async/stack/show?items=5,1526934696,0b7ef9,200
0b7ef9,192.168.178.37,GET,http://bolt.independent-tutorials.local/bolt/bolt/editcontent/entries/4,1526934696,,200
54b38f,192.168.178.37,GET,http://bolt.independent-tutorials.local/bolt/async/tags/tags,1526934697,,200
93fd37,192.168.178.37,GET,http://bolt.independent-tutorials.local/bolt/async/populartags/tags?limit=40,1526934697,,200
57d580,192.168.178.37,GET,http://bolt.independent-tutorials.local/bolt/async/latestactivity,1526934698,,200
bd9ce1,192.168.178.37,POST,http://bolt.independent-tutorials.local/bolt/bolt/editcontent/entries/4,1526934705,,200
2310a1,127.0.0.1,GET,http://bolt.independent-tutorials.local/bolt/async/lastmodified/entries,1526934708,4008a4,200
7bc644,127.0.0.1,GET,http://bolt.independent-tutorials.local/bolt/async/stack/show?items=5,1526934708,4008a4,200
4008a4,192.168.178.37,GET,http://bolt.independent-tutorials.local/bolt/bolt/editcontent/entries/2,1526934708,,200
e7363d,192.168.178.37,GET,http://bolt.independent-tutorials.local/bolt/async/tags/tags,1526934709,,200
4bea9a,192.168.178.37,GET,http://bolt.independent-tutorials.local/bolt/async/populartags/tags?limit=40,1526934709,,200
7ff453,192.168.178.37,POST,http://bolt.independent-tutorials.local/bolt/bolt/editcontent/entries/2,1526934716,,200
13c9c2,127.0.0.1,GET,http://bolt.independent-tutorials.local/bolt/async/lastmodified/entries,1526934718,95db69,200
67d306,127.0.0.1,GET,http://bolt.independent-tutorials.local/bolt/async/stack/show?items=5,1526934718,95db69,200
95db69,192.168.178.37,GET,http://bolt.independent-tutorials.local/bolt/bolt/editcontent/entries/3,1526934718,,200
bc3443,192.168.178.37,GET,http://bolt.independent-tutorials.local/bolt/async/tags/tags,1526934719,,200
63a852,192.168.178.37,GET,http://bolt.independent-tutorials.local/bolt/async/populartags/tags?limit=40,1526934719,,200
1b8fa1,192.168.178.37,GET,http://bolt.independent-tutorials.local/bolt/async/latestactivity,1526934722,,200
8def7d,192.168.178.37,POST,http://bolt.independent-tutorials.local/bolt/bolt/editcontent/entries/3,1526934723,,200
de30c5,127.0.0.1,GET,http://bolt.independent-tutorials.local/bolt/async/lastmodified/entries,1526934725,9076cb,200
f6aa97,127.0.0.1,GET,http://bolt.independent-tutorials.local/bolt/async/stack/show?items=5,1526934725,9076cb,200
9076cb,192.168.178.37,GET,http://bolt.independent-tutorials.local/bolt/bolt/editcontent/entries/1,1526934725,,200
392a0b,192.168.178.37,GET,http://bolt.independent-tutorials.local/bolt/async/tags/tags,1526934726,,200
7da0a4,192.168.178.37,GET,http://bolt.independent-tutorials.local/bolt/async/populartags/tags?limit=40,1526934726,,200
8be6db,192.168.178.37,GET,http://bolt.independent-tutorials.local/bolt/async/latestactivity,1526934728,,200
cf7a4f,192.168.178.37,POST,http://bolt.independent-tutorials.local/bolt/bolt/editcontent/entries/1,1526934731,,200
6bced8,127.0.0.1,GET,http://bolt.independent-tutorials.local/bolt/async/lastmodified/pages,1526934738,bab8a4,200
346a77,127.0.0.1,GET,http://bolt.independent-tutorials.local/bolt/async/stack/show?items=5,1526934738,bab8a4,200
bab8a4,192.168.178.37,GET,http://bolt.independent-tutorials.local/bolt/bolt/editcontent/pages/1,1526934738,,200
8e10a0,192.168.178.37,POST,http://bolt.independent-tutorials.local/bolt/preview/page,1526934743,,200
6ebb45,192.168.178.37,GET,http://bolt.independent-tutorials.local/bolt/async/latestactivity,1526934752,,200
582dfd,192.168.178.37,GET,http://bolt.independent-tutorials.local/bolt/async/latestactivity,1526934758,,200
bfd818,192.168.178.37,GET,http://bolt.independent-tutorials.local/bolt/async/latestactivity,1526934782,,200
a52101,192.168.178.37,GET,http://bolt.independent-tutorials.local/bolt/public,1526934785,,404
923f4a,192.168.178.37,GET,http://bolt.independent-tutorials.local/bolt/async/latestactivity,1526934812,,200
ab9ad7,192.168.178.37,POST,http://bolt.independent-tutorials.local/bolt/preview/page,1526934834,,200
19800c,192.168.178.37,GET,http://bolt.independent-tutorials.local/bolt/async/latestactivity,1526934842,,200
8ae304,192.168.178.37,GET,http://bolt.independent-tutorials.local/bolt/async/latestactivity,1526934872,,200
637f47,192.168.178.37,GET,http://bolt.independent-tutorials.local/bolt/async/latestactivity,1526934902,,200
61d6c3,192.168.178.37,GET,http://bolt.independent-tutorials.local/bolt/bolt/file/edit/config/config.yml,1526934908,,200
257afa,192.168.178.37,GET,http://bolt.independent-tutorials.local/bolt/async/latestactivity,1526934932,,200
9acdfe,192.168.178.37,GET,http://bolt.independent-tutorials.local/bolt/bolt/files/themes,1526934942,,200
46333b,192.168.178.37,GET,http://bolt.independent-tutorials.local/bolt/bolt/files/themes/IT,1526934947,,200
07c68e,192.168.178.37,GET,http://bolt.independent-tutorials.local/bolt/async/latestactivity,1526934962,,200
806105,192.168.178.37,GET,http://bolt.independent-tutorials.local/bolt/bolt/files/themes/IT/partials,1526934964,,200
d58ca5,192.168.178.37,GET,http://bolt.independent-tutorials.local/bolt/bolt/files/themes/IT,1526934973,,200
5cbf69,192.168.178.37,GET,http://bolt.independent-tutorials.local/bolt/bolt/files/themes,1526934982,,200
65a13d,192.168.178.37,GET,http://bolt.independent-tutorials.local/bolt/bolt/files/themes/base-2018,1526934985,,200
ff1688,192.168.178.37,GET,http://bolt.independent-tutorials.local/bolt/async/latestactivity,1526934992,,200
681a81,192.168.178.37,POST,http://bolt.independent-tutorials.local/bolt/async/file/duplicate,1526934998,,200
d0e00c,192.168.178.37,GET,http://bolt.independent-tutorials.local/bolt/bolt/files/themes/base-2018,1526934998,,200
69355b,192.168.178.37,GET,http://bolt.independent-tutorials.local/bolt/bolt/file/edit/themes/base-2018/not-found_copy1.twig,1526935005,,200
2ea2ba,192.168.178.37,GET,http://bolt.independent-tutorials.local/bolt/bolt/files/themes,1526935012,,200
873e3b,192.168.178.37,GET,http://bolt.independent-tutorials.local/bolt/bolt/file/edit/config/config.yml,1526935022,,200
273187,192.168.178.37,GET,http://bolt.independent-tutorials.local/bolt/async/latestactivity,1526935022,,200
fe53aa,192.168.178.37,GET,http://bolt.independent-tutorials.local/bolt/async/latestactivity,1526935052,,200
78ca14,192.168.178.37,POST,http://bolt.independent-tutorials.local/bolt/bolt/file/edit/config/config.yml?returnto=ajax,1526935057,,200
52eb68,192.168.178.37,GET,http://bolt.independent-tutorials.local/bolt/public,1526935076,,404
780599,192.168.178.37,GET,http://bolt.independent-tutorials.local/bolt/bolt/files/themes,1526935089,,200
7fd417,192.168.178.37,GET,http://bolt.independent-tutorials.local/bolt/bolt/files/themes/base-2018,1526935092,,200
107b37,192.168.178.37,POST,http://bolt.independent-tutorials.local/bolt/async/file/delete,1526935099,,200
861131,192.168.178.37,GET,http://bolt.independent-tutorials.local/bolt/bolt/file/edit/themes/base-2018/not-found.twig,1526935103,,200
c6437f,192.168.178.37,GET,http://bolt.independent-tutorials.local/bolt/bolt/files,1526935110,,200
2b5e85,192.168.178.37,GET,http://bolt.independent-tutorials.local/bolt/bolt/files/themes,1526935116,,200
a2e2e5,192.168.178.37,GET,http://bolt.independent-tutorials.local/bolt/bolt/files/themes/IT,1526935118,,200
00067e,192.168.178.37,POST,http://bolt.independent-tutorials.local/bolt/async/file/duplicate,1526935146,,200
075314,192.168.178.37,GET,http://bolt.independent-tutorials.local/bolt/bolt/files/themes/IT,1526935146,,200
23617b,192.168.178.37,GET,http://bolt.independent-tutorials.local/bolt/bolt/file/edit/themes/IT/theme_copy1.yml,1526935150,,200
8adb1f,192.168.178.37,POST,http://bolt.independent-tutorials.local/bolt/bolt/file/edit/themes/IT/theme_copy1.yml?returnto=ajax,1526935157,,200
a7fecb,192.168.178.37,POST,http://bolt.independent-tutorials.local/bolt/bolt/file/edit/themes/IT/theme_copy1.yml?returnto=ajax,1526935167,,200
ee2bf8,192.168.178.37,GET,http://bolt.independent-tutorials.local/bolt/bolt/files/themes,1526935189,,200
4c5b8d,192.168.178.37,GET,http://bolt.independent-tutorials.local/bolt/bolt/files/themes/IT,1526935192,,200
0da53f,192.168.178.37,POST,http://bolt.independent-tutorials.local/bolt/async/file/delete,1526935198,,200
e0f585,192.168.178.37,GET,http://bolt.independent-tutorials.local/,1526937070,,404
a862eb,192.168.178.37,GET,http://bolt.independent-tutorials.local/entry/inhalt4,1526937088,,200
ef4ce8,127.0.0.1,GET,http://bolt.independent-tutorials.local/bolt/async/dashboardnews,1526937101,53cc3b,200
ae72ac,127.0.0.1,GET,http://bolt.independent-tutorials.local/bolt/async/latestactivity,1526937101,53cc3b,200
53cc3b,192.168.178.37,GET,http://bolt.independent-tutorials.local/bolt/bolt,1526937101,,200
cb6e0e,127.0.0.1,GET,http://bolt.independent-tutorials.local/bolt/async/latestactivity,1526937106,327789,200
327789,192.168.178.37,GET,http://bolt.independent-tutorials.local/bolt/bolt/users,1526937106,,200
21da65,192.168.178.37,GET,http://bolt.independent-tutorials.local/bolt/bolt/file/edit/config/config.yml,1526937111,,200
523b5c,192.168.178.37,POST,http://bolt.independent-tutorials.local/bolt/bolt/file/edit/config/config.yml?returnto=ajax,1526937123,,200
69f48e,127.0.0.1,GET,http://bolt.independent-tutorials.local/bolt/async/dashboardnews,1526937130,0e92f8,200
aee911,127.0.0.1,GET,http://bolt.independent-tutorials.local/bolt/async/latestactivity,1526937130,0e92f8,200
0e92f8,192.168.178.37,GET,http://bolt.independent-tutorials.local/bolt/bolt,1526937130,,200
4f738a,127.0.0.1,GET,http://bolt.independent-tutorials.local/bolt/async/lastmodified/pages,1526937142,52e032,200
d11516,127.0.0.1,GET,http://bolt.independent-tutorials.local/bolt/async/stack/show?items=5,1526937142,52e032,200
52e032,192.168.178.37,GET,http://bolt.independent-tutorials.local/bolt/bolt/editcontent/pages/2,1526937142,,200
2180a7,127.0.0.1,GET,http://bolt.independent-tutorials.local/bolt/async/dashboardnews,1526937152,f3f4ea,200
e43318,127.0.0.1,GET,http://bolt.independent-tutorials.local/bolt/async/latestactivity,1526937152,f3f4ea,200
f3f4ea,192.168.178.37,GET,http://bolt.independent-tutorials.local/bolt/bolt,1526937152,,200
e864b3,192.168.178.37,GET,http://bolt.independent-tutorials.local/,1526937158,,404
4bd16f,192.168.178.37,GET,http://bolt.independent-tutorials.local/,1526937164,,404
b74d68,192.168.178.37,GET,http://bolt.independent-tutorials.local/bolt/bolt/files/themes,1526937204,,200
933bd0,192.168.178.37,POST,http://bolt.independent-tutorials.local/bolt/bolt/file/edit/config/config.yml?returnto=ajax,1526937210,,200
4f3ec4,192.168.178.37,GET,http://bolt.independent-tutorials.local/,1526937216,,404
936718,192.168.178.37,GET,http://bolt.independent-tutorials.local/bolt/bolt/files/themes,1526937473,,200
c89afd,192.168.178.37,POST,http://bolt.independent-tutorials.local/bolt/async/folder/rename,1526937481,,200
3b0896,192.168.178.37,GET,http://bolt.independent-tutorials.local/bolt/bolt/files/themes,1526937481,,200
cc0f01,192.168.178.37,GET,http://bolt.independent-tutorials.local/bolt/bolt/file/edit/config/config.yml,1526937486,,200
a09472,192.168.178.37,POST,http://bolt.independent-tutorials.local/bolt/bolt/file/edit/config/config.yml?returnto=ajax,1526937494,,200
e28845,127.0.0.1,GET,http://bolt.independent-tutorials.local/bolt/async/dashboardnews,1526937501,5bb6e6,200
4b6d8d,127.0.0.1,GET,http://bolt.independent-tutorials.local/bolt/async/latestactivity,1526937501,5bb6e6,200
5bb6e6,192.168.178.37,GET,http://bolt.independent-tutorials.local/bolt/bolt,1526937501,,200
64cf30,127.0.0.1,GET,http://bolt.independent-tutorials.local/bolt/async/lastmodified/pages,1526937508,66bf3a,200
e3fdc8,127.0.0.1,GET,http://bolt.independent-tutorials.local/bolt/async/stack/show?items=5,1526937508,66bf3a,200
66bf3a,192.168.178.37,GET,http://bolt.independent-tutorials.local/bolt/bolt/editcontent/pages/2,1526937508,,200
2002cf,192.168.178.37,POST,http://bolt.independent-tutorials.local/bolt/preview/page,1526937514,,200
a45d3a,127.0.0.1,GET,http://bolt.independent-tutorials.local/bolt/async/lastmodified/homepage,1526937520,41a4aa,200
d70aa8,127.0.0.1,GET,http://bolt.independent-tutorials.local/bolt/async/stack/show?items=5,1526937520,41a4aa,200
41a4aa,192.168.178.37,GET,http://bolt.independent-tutorials.local/bolt/bolt/editcontent/homepage/2,1526937520,,200
b08f5e,192.168.178.37,GET,http://bolt.independent-tutorials.local/,1526937538,,404
9a3e07,127.0.0.1,GET,http://bolt.independent-tutorials.local/bolt/async/dashboardnews,1526937610,5d3505,200
d98f3c,127.0.0.1,GET,http://bolt.independent-tutorials.local/bolt/async/latestactivity,1526937610,5d3505,200
5d3505,192.168.178.37,GET,http://bolt.independent-tutorials.local/bolt/bolt,1526937610,,200
e71a3e,192.168.178.37,GET,http://bolt.independent-tutorials.local/,1526937632,,404
976b8e,192.168.178.37,GET,http://bolt.independent-tutorials.local/bolt/bolt/file/edit/config/config.yml,1526937649,,200
7d0371,192.168.178.37,POST,http://bolt.independent-tutorials.local/bolt/bolt/file/edit/config/config.yml?returnto=ajax,1526938052,,200
ad0f85,127.0.0.1,GET,http://bolt.independent-tutorials.local/bolt/async/dashboardnews,1526938067,35b65b,200
9e2f31,127.0.0.1,GET,http://bolt.independent-tutorials.local/bolt/async/latestactivity,1526938067,35b65b,200
35b65b,192.168.178.37,GET,http://bolt.independent-tutorials.local/bolt/bolt,1526938067,,200
092e4c,192.168.178.37,GET,http://bolt.independent-tutorials.local/,1526938080,,404
969d73,192.168.178.37,GET,http://bolt.independent-tutorials.local/bolt/,1526938091,,404
e14dda,127.0.0.1,GET,http://bolt.independent-tutorials.local/bolt/async/dashboardnews,1526938093,a57c47,200
391770,127.0.0.1,GET,http://bolt.independent-tutorials.local/bolt/async/latestactivity,1526938093,a57c47,200
a57c47,192.168.178.37,GET,http://bolt.independent-tutorials.local/bolt/bolt,1526938093,,200
ef4dbc,127.0.0.1,GET,http://bolt.independent-tutorials.local/bolt/async/dashboardnews,1526938097,7ed618,200
228e8d,127.0.0.1,GET,http://bolt.independent-tutorials.local/bolt/async/latestactivity,1526938097,7ed618,200
7ed618,192.168.178.37,GET,http://bolt.independent-tutorials.local/bolt/bolt,1526938097,,200
850143,192.168.178.37,GET,http://bolt.independent-tutorials.local/bolt/async/latestactivity,1526938098,,200
903057,192.168.178.37,GET,http://bolt.independent-tutorials.local/bolt/async/latestactivity,1526938127,,200
68e56d,192.168.178.37,GET,http://bolt.independent-tutorials.local/bolt/async/latestactivity,1526938128,,200
b06e4b,127.0.0.1,GET,http://bolt.independent-tutorials.local/bolt/async/latestactivity,1526938155,4dfcc8,200
4dfcc8,192.168.178.37,GET,http://bolt.independent-tutorials.local/bolt/bolt/users,1526938155,,200
fccaf3,192.168.178.37,GET,http://bolt.independent-tutorials.local/bolt/bolt/files,1526938163,,200
0e5d93,127.0.0.1,GET,http://bolt.independent-tutorials.local/bolt/async/latestactivity,1526938168,a76ed1,200
a76ed1,192.168.178.37,GET,http://bolt.independent-tutorials.local/bolt/bolt/users,1526938168,,200
8962ca,192.168.178.37,GET,http://bolt.independent-tutorials.local/bolt/bolt/file/edit/config/routing.yml,1526938173,,200
dcb49e,192.168.178.37,POST,http://bolt.independent-tutorials.local/bolt/bolt/file/edit/config/routing.yml?returnto=ajax,1526938196,,200
ba42e0,127.0.0.1,GET,http://bolt.independent-tutorials.local/bolt/async/dashboardnews,1526938199,675224,200
d43c45,127.0.0.1,GET,http://bolt.independent-tutorials.local/bolt/async/latestactivity,1526938199,675224,200
675224,192.168.178.37,GET,http://bolt.independent-tutorials.local/bolt/bolt,1526938199,,200
118cc1,192.168.178.37,POST,http://bolt.independent-tutorials.local/bolt/bolt/file/edit/config/routing.yml?returnto=ajax,1526938264,,200
d5b0e5,127.0.0.1,GET,http://bolt.independent-tutorials.local/bolt/async/dashboardnews,1526938272,aa5257,200
7c8020,127.0.0.1,GET,http://bolt.independent-tutorials.local/bolt/async/latestactivity,1526938272,aa5257,200
aa5257,192.168.178.37,GET,http://bolt.independent-tutorials.local/bolt/bolt,1526938272,,200
fccff9,192.168.178.37,GET,http://bolt.independent-tutorials.local/bolt/bolt/files/config,1526938284,,200
1c3a98,192.168.178.37,GET,http://bolt.independent-tutorials.local/bolt/bolt/file/edit/config/contenttypes.yml,1526938300,,200
369331,192.168.178.37,GET,http://bolt.independent-tutorials.local/,1526938444,,200
aa7176,192.168.178.37,GET,http://bolt.independent-tutorials.local/bolt/bolt/files/themes,1526938473,,404
570765,192.168.178.37,GET,http://bolt.independent-tutorials.local/bolt/bolt/files/themes,1526938480,,404
55c778,192.168.178.37,GET,http://bolt.independent-tutorials.local/entry/inhalt4,1526938485,,200
1d67d2,192.168.178.37,GET,http://bolt.independent-tutorials.local/bolt/files/themes,1526938497,,302
dc5056,192.168.178.37,GET,http://bolt.independent-tutorials.local/bolt/login,1526938497,,200
859ab6,192.168.178.37,POST,http://bolt.independent-tutorials.local/bolt/login,1526938515,,302
f94050,192.168.178.37,GET,http://bolt.independent-tutorials.local/bolt/files/themes,1526938515,,200
0a1ec7,192.168.178.37,POST,http://bolt.independent-tutorials.local/async/folder/rename,1526938526,,200
b894a3,192.168.178.37,GET,http://bolt.independent-tutorials.local/bolt/files/themes,1526938526,,200
bf6c0e,127.0.0.1,GET,http://bolt.independent-tutorials.local/async/latestactivity,1526938529,8929ce,200
8929ce,192.168.178.37,GET,http://bolt.independent-tutorials.local/bolt/users,1526938529,,200
7a0bf9,192.168.178.37,GET,http://bolt.independent-tutorials.local/bolt/file/edit/config/config.yml,1526938533,,200
cd6502,192.168.178.37,POST,http://bolt.independent-tutorials.local/bolt/file/edit/config/config.yml?returnto=ajax,1526938575,,200
0bf435,192.168.178.37,GET,http://bolt.independent-tutorials.local/,1526938578,,200
0319cc,192.168.178.37,GET,http://bolt.independent-tutorials.local/page/fach2,1526938618,,200
c566b1,192.168.178.37,GET,http://bolt.independent-tutorials.local/entry/inhalt1,1526938620,,200
9aa880,192.168.178.37,GET,http://bolt.independent-tutorials.local/page/fach2,1526938624,,200
15f553,192.168.178.37,GET,http://bolt.independent-tutorials.local/,1526938627,,200
c8a752,192.168.178.37,GET,http://bolt.independent-tutorials.local/theme/assets/img/Psychology-Color-Background-Head-Watercolor-3001166.jpg,1526938652,,404
8ec173,192.168.178.37,GET,http://bolt.independent-tutorials.local/,1526939471,,200
4171b2,192.168.178.37,GET,http://bolt.independent-tutorials.local/bolt/files/themes,1526939533,,200
b97bef,192.168.178.37,GET,http://bolt.independent-tutorials.local/bolt/files/themes/IT,1526939535,,200
36bbf7,192.168.178.37,GET,http://bolt.independent-tutorials.local/bolt/files/themes/IT/partials,1526939540,,200
03c4d8,192.168.178.37,GET,http://bolt.independent-tutorials.local/bolt/file/edit/themes/IT/partials/header.twig,1526939543,,200
abbd32,192.168.178.37,POST,http://bolt.independent-tutorials.local/bolt/file/edit/themes/IT/partials/header.twig?returnto=ajax,1526939591,,200
acc1c6,192.168.178.37,GET,http://bolt.independent-tutorials.local/,1526939594,,200
f069fe,192.168.178.37,GET,http://bolt.independent-tutorials.local/page/fach2,1526939621,,200
498622,192.168.178.37,GET,http://bolt.independent-tutorials.local/entry/inhalt1,1526939634,,200
4f0ffc,192.168.178.37,GET,http://bolt.independent-tutorials.local/page/fach2,1526939642,,200
8b7fce,192.168.178.37,GET,http://bolt.independent-tutorials.local/,1526939708,,200
5d91af,192.168.178.22,GET,http://www.bolt.independent-tutorials.local/bolt/,1526940482,,301
2254df,192.168.178.22,GET,http://www.bolt.independent-tutorials.local/bolt,1526940482,,302
048eb2,192.168.178.22,GET,http://www.bolt.independent-tutorials.local/bolt/login,1526940482,,200
707e28,192.168.178.37,GET,http://bolt.independent-tutorials.local/,1526970140,,200
c49c29,192.168.178.37,GET,http://bolt.independent-tutorials.local/page/krypto,1526970216,,200
eda585,192.168.178.37,GET,http://bolt.independent-tutorials.local/bolt/,1526970658,,301
8ea356,192.168.178.37,GET,http://bolt.independent-tutorials.local/bolt/,1526970658,,301
b2a21d,127.0.0.1,GET,http://bolt.independent-tutorials.local/async/dashboardnews,1526970659,ba9cd6,200
5a77ed,127.0.0.1,GET,http://bolt.independent-tutorials.local/async/latestactivity,1526970659,ba9cd6,200
ba9cd6,192.168.178.37,GET,http://bolt.independent-tutorials.local/bolt,1526970659,,200
6585e5,127.0.0.1,GET,http://bolt.independent-tutorials.local/async/lastmodified/homepage,1526970667,52d3b0,200
757ece,127.0.0.1,GET,http://bolt.independent-tutorials.local/async/stack/show?items=5,1526970667,52d3b0,200
52d3b0,192.168.178.37,GET,http://bolt.independent-tutorials.local/bolt/editcontent/homepage/2,1526970667,,200
fa1aa0,127.0.0.1,GET,http://bolt.independent-tutorials.local/async/lastmodified/pages,1526970756,00df1d,200
00df1d,192.168.178.37,GET,http://bolt.independent-tutorials.local/bolt/overview/pages,1526970756,,200
f73508,127.0.0.1,GET,http://bolt.independent-tutorials.local/async/lastmodified/pages,1526970761,46d7a1,200
caae76,127.0.0.1,GET,http://bolt.independent-tutorials.local/async/stack/show?items=5,1526970761,46d7a1,200
46d7a1,192.168.178.37,GET,http://bolt.independent-tutorials.local/bolt/editcontent/pages/1,1526970761,,200
8d20fa,192.168.178.37,GET,http://bolt.independent-tutorials.local/page/krypto,1526970775,,200
00f783,192.168.178.37,GET,http://bolt.independent-tutorials.local/bolt/,1526970823,,301
61b41b,127.0.0.1,GET,http://bolt.independent-tutorials.local/async/dashboardnews,1526970823,df0fa9,200
53247d,127.0.0.1,GET,http://bolt.independent-tutorials.local/async/latestactivity,1526970823,df0fa9,200
df0fa9,192.168.178.37,GET,http://bolt.independent-tutorials.local/bolt,1526970823,,200
b3ae56,192.168.178.37,GET,http://bolt.independent-tutorials.local/async/latestactivity,1526970854,,200
e949c6,192.168.178.37,GET,http://bolt.independent-tutorials.local/,1526970860,,200
6bb35e,192.168.178.37,GET,http://bolt.independent-tutorials.local/async/latestactivity,1526970884,,200
00c7a7,192.168.178.37,GET,http://bolt.independent-tutorials.local/async/latestactivity,1526970914,,200
d5a4c1,127.0.0.1,GET,http://bolt.independent-tutorials.local/async/lastmodified/homepage,1526970917,cf66c7,200
3454df,127.0.0.1,GET,http://bolt.independent-tutorials.local/async/stack/show?items=5,1526970917,cf66c7,200
cf66c7,192.168.178.37,GET,http://bolt.independent-tutorials.local/bolt/editcontent/homepage/2,1526970917,,200
5b3202,192.168.178.37,GET,http://bolt.independent-tutorials.local/page/fach2,1526973733,,200
5b7e98,192.168.178.37,GET,http://bolt.independent-tutorials.local/entry/inhalt1,1526973744,,200
8f9cdd,192.168.178.37,GET,http://bolt.independent-tutorials.local/page/fach2,1526973756,,200
f14061,192.168.178.37,GET,http://bolt.independent-tutorials.local/,1526973760,,200
dcd657,192.168.178.37,GET,http://bolt.independent-tutorials.local/,1527693778,,200
3a6d07,192.168.178.37,GET,http://bolt.independent-tutorials.local/bolt/,1527862477,,301
cf137b,127.0.0.1,GET,http://bolt.independent-tutorials.local/async/dashboardnews,1527862485,5ca4a9,200
193579,127.0.0.1,GET,http://bolt.independent-tutorials.local/async/latestactivity,1527862486,5ca4a9,200
5ca4a9,192.168.178.37,GET,http://bolt.independent-tutorials.local/bolt,1527862486,,200
995f32,192.168.178.37,GET,http://bolt.independent-tutorials.local/bolt/dbcheck,1527862508,,200
f145da,192.168.178.37,POST,http://bolt.independent-tutorials.local/bolt/dbupdate,1527862515,,302
e61cb6,192.168.178.37,GET,http://bolt.independent-tutorials.local/bolt/dbupdate_result,1527862516,,200
5d3355,192.168.178.37,GET,http://bolt.independent-tutorials.local/bolt/file/edit/config/config.yml,1527862532,,200
bc288e,192.168.178.37,GET,http://bolt.independent-tutorials.local/bolt/file/edit/config/contenttypes.yml,1527862532,,200
5b1dfb,192.168.178.37,GET,http://bolt.independent-tutorials.local/bolt/extensions,1527862578,,200
0e6153,192.168.178.37,GET,http://bolt.independent-tutorials.local/bolt/extensions/installed,1527862581,,200
9f9051,192.168.178.37,GET,http://bolt.independent-tutorials.local/bolt/extensions/installed,1527862581,,200
de8b65,192.168.178.37,GET,http://bolt.independent-tutorials.local/bolt/extensions/installInfo?package=boltauth%2Fauth,1527862593,,200
872f23,192.168.178.37,GET,http://bolt.independent-tutorials.local/bolt/extensions/install?package=boltauth%2Fauth&version=v3.0.4,1527862615,,200
147fe8,192.168.178.37,GET,http://bolt.independent-tutorials.local/bolt/extensions/installed,1527862616,,200
840e50,192.168.178.37,GET,http://bolt.independent-tutorials.local/bolt/extensions/installed,1527862616,,200
7e4e19,192.168.178.37,GET,http://bolt.independent-tutorials.local/bolt/extensions/packageInfo?package=boltauth%2Fauth&version=v3.0.4,1527862616,,200
0a939b,192.168.178.37,GET,http://bolt.independent-tutorials.local/bolt/extensions/installInfo?package=bolt%2Fboltforms,1527862649,,200
6ee95c,192.168.178.37,GET,http://bolt.independent-tutorials.local/bolt/extensions/install?package=bolt%2Fboltforms&version=v4.2.3,1527862660,,200
43d431,192.168.178.37,GET,http://bolt.independent-tutorials.local/bolt/extensions/installed,1527862660,,200
71488f,192.168.178.37,GET,http://bolt.independent-tutorials.local/bolt/extensions/installed,1527862660,,200
ab6ab3,192.168.178.37,GET,http://bolt.independent-tutorials.local/bolt/extensions/packageInfo?package=bolt%2Fboltforms&version=v4.2.3,1527862660,,200
da48d4,192.168.178.37,GET,http://bolt.independent-tutorials.local/bolt/extensions,1527862925,,200
c56fbd,192.168.178.37,GET,http://bolt.independent-tutorials.local/bolt/extensions/installed,1527862927,,200
079339,192.168.178.37,GET,http://bolt.independent-tutorials.local/bolt/extensions/installed,1527862927,,200
e6a5c3,192.168.178.37,GET,http://bolt.independent-tutorials.local/bolt/dbcheck,1527862934,,200
23f803,192.168.178.37,POST,http://bolt.independent-tutorials.local/bolt/dbupdate,1527862938,,302
3529bd,192.168.178.37,GET,http://bolt.independent-tutorials.local/bolt/dbupdate_result,1527862938,,200
246780,192.168.178.37,GET,http://bolt.independent-tutorials.local/,1527862945,,200
334e62,127.0.0.1,GET,http://bolt.independent-tutorials.local/async/lastmodified/tutorials,1527862987,268bd2,200
268bd2,192.168.178.37,GET,http://bolt.independent-tutorials.local/bolt/overview/tutorials,1527862987,,200
e1a2bc,192.168.178.37,GET,http://bolt.independent-tutorials.local/bolt/extensions,1527863012,,200
311ccd,192.168.178.37,GET,http://bolt.independent-tutorials.local/bolt/extensions/installed,1527863014,,200
293997,192.168.178.37,GET,http://bolt.independent-tutorials.local/bolt/extensions/installed,1527863014,,200
5da01e,192.168.178.37,GET,http://bolt.independent-tutorials.local/bolt/file/edit/extensions_config/auth.boltauth.yml,1527863029,,200
ffcd35,192.168.178.37,GET,http://bolt.independent-tutorials.local/bolt/files/themes,1527863076,,200
fc7e5b,192.168.178.37,GET,http://bolt.independent-tutorials.local/bolt/file/edit/config/config.yml,1527863086,,200
aaebe2,192.168.178.37,GET,http://bolt.independent-tutorials.local/bolt/files/themes,1527863095,,200
4af6ff,192.168.178.37,GET,http://bolt.independent-tutorials.local/bolt/files/themes/IT2,1527863098,,200
a03ed8,192.168.178.37,GET,http://bolt.independent-tutorials.local/bolt/files/themes/IT2/partials,1527863101,,200
319468,192.168.178.37,POST,http://bolt.independent-tutorials.local/async/file/rename,1527863143,,200
35adbb,192.168.178.37,GET,http://bolt.independent-tutorials.local/bolt/files/themes/IT2/partials,1527863143,,200
149646,192.168.178.37,POST,http://bolt.independent-tutorials.local/async/file/rename,1527863151,,200
75387c,192.168.178.37,GET,http://bolt.independent-tutorials.local/bolt/files/themes/IT2/partials,1527863152,,200
2a665b,192.168.178.37,POST,http://bolt.independent-tutorials.local/async/file/rename,1527863163,,200
d0db46,192.168.178.37,GET,http://bolt.independent-tutorials.local/bolt/files/themes/IT2/partials,1527863163,,200
a43a27,192.168.178.37,POST,http://bolt.independent-tutorials.local/async/file/rename,1527863171,,200
616ea7,192.168.178.37,GET,http://bolt.independent-tutorials.local/bolt/files/themes/IT2/partials,1527863172,,200
77ef02,192.168.178.37,POST,http://bolt.independent-tutorials.local/async/file/rename,1527863182,,200
2ae05d,192.168.178.37,GET,http://bolt.independent-tutorials.local/bolt/files/themes/IT2/partials,1527863182,,200
c372d3,192.168.178.37,POST,http://bolt.independent-tutorials.local/async/file/rename,1527863190,,200
81734d,192.168.178.37,GET,http://bolt.independent-tutorials.local/bolt/files/themes/IT2/partials,1527863191,,200
5831ea,192.168.178.37,POST,http://bolt.independent-tutorials.local/async/file/rename,1527863200,,200
aa6e06,192.168.178.37,GET,http://bolt.independent-tutorials.local/bolt/files/themes/IT2/partials,1527863200,,200
3f316f,192.168.178.37,POST,http://bolt.independent-tutorials.local/async/file/rename,1527863209,,200
247182,192.168.178.37,GET,http://bolt.independent-tutorials.local/bolt/files/themes/IT2/partials,1527863209,,200
b51842,192.168.178.37,POST,http://bolt.independent-tutorials.local/async/file/rename,1527863218,,200
487340,192.168.178.37,GET,http://bolt.independent-tutorials.local/bolt/files/themes/IT2/partials,1527863219,,200
13cc5a,192.168.178.37,GET,http://bolt.independent-tutorials.local/bolt/file/edit/themes/IT2/partials/_master.twig,1527863223,,200
e53dc5,192.168.178.37,POST,http://bolt.independent-tutorials.local/bolt/file/edit/themes/IT2/partials/_master.twig?returnto=ajax,1527863247,,200
d88905,192.168.178.37,GET,http://bolt.independent-tutorials.local/bolt/files/themes/IT2/partials,1527863251,,200
eeeeba,192.168.178.37,GET,http://bolt.independent-tutorials.local/bolt/file/edit/themes/IT2/partials/_navbar.twig,1527863257,,200
4d3914,192.168.178.37,GET,http://bolt.independent-tutorials.local/bolt/files/themes/IT2/partials,1527863268,,200
d74c7e,192.168.178.37,GET,http://bolt.independent-tutorials.local/bolt/files/themes/IT2,1527863275,,200
caf086,192.168.178.37,GET,http://bolt.independent-tutorials.local/bolt/file/edit/themes/IT2/index.twig,1527863280,,200
4865bb,192.168.178.37,POST,http://bolt.independent-tutorials.local/bolt/file/edit/themes/IT2/index.twig?returnto=ajax,1527863295,,200
6c1410,192.168.178.37,GET,http://bolt.independent-tutorials.local/bolt/files/themes/IT2,1527863299,,200
707434,192.168.178.37,GET,http://bolt.independent-tutorials.local/bolt/files/themes/IT2/auth,1527863302,,200
c91357,192.168.178.37,GET,http://bolt.independent-tutorials.local/bolt/file/edit/themes/IT2/auth/_authentication.twig,1527863306,,200
28a87b,192.168.178.37,POST,http://bolt.independent-tutorials.local/bolt/file/edit/themes/IT2/auth/_authentication.twig?returnto=ajax,1527863310,,200
ad62ae,192.168.178.37,GET,http://bolt.independent-tutorials.local/bolt/extensions/auth,1527863313,,200
5980a3,192.168.178.37,GET,http://bolt.independent-tutorials.local/bolt/files/themes,1527863330,,200
7a1e67,192.168.178.37,GET,http://bolt.independent-tutorials.local/bolt/files/themes/IT2,1527863333,,200
1d4659,192.168.178.37,GET,http://bolt.independent-tutorials.local/bolt/files/themes/IT2/partials,1527863340,,200
b89ce9,192.168.178.37,GET,http://bolt.independent-tutorials.local/bolt/file/edit/themes/IT2/partials/_navbar.twig,1527863356,,200
5ede10,192.168.178.37,GET,http://bolt.independent-tutorials.local/bolt/extensions,1527863513,,200
6c99a7,192.168.178.37,GET,http://bolt.independent-tutorials.local/bolt/extensions/installed,1527863514,,200
504559,192.168.178.37,GET,http://bolt.independent-tutorials.local/bolt/extensions/installed,1527863514,,200
cf43e2,192.168.178.37,GET,http://bolt.independent-tutorials.local/async/readme/BoltAuth/Auth,1527863521,,200
